SET @OLD_UNIQUE_CHECKS=@@UNIQUE_CHECKS, UNIQUE_CHECKS=0;
SET @OLD_FOREIGN_KEY_CHECKS=@@FOREIGN_KEY_CHECKS, FOREIGN_KEY_CHECKS=0;
SET @OLD_SQL_MODE=@@SQL_MODE, SQL_MODE='TRADITIONAL,ALLOW_INVALID_DATES';

DROP SCHEMA IF EXISTS `siscala` ;
CREATE SCHEMA IF NOT EXISTS `siscala` DEFAULT CHARACTER SET utf8 ;
USE `siscala` ;

-- -----------------------------------------------------
-- Table `siscala`.`ACL_RESOURCE`
-- -----------------------------------------------------
DROP TABLE IF EXISTS `siscala`.`ACL_RESOURCE` ;

CREATE TABLE IF NOT EXISTS `siscala`.`ACL_RESOURCE` (
  `ID` INT(11) NOT NULL AUTO_INCREMENT,
  `NOME` VARCHAR(45) NOT NULL,
  `UPDATED_AT` TIMESTAMP NULL DEFAULT NULL,
  `CREATED_AT` TIMESTAMP NULL DEFAULT NULL,
  PRIMARY KEY (`ID`))
ENGINE = InnoDB
AUTO_INCREMENT = 1
DEFAULT CHARACTER SET = utf8;


-- -----------------------------------------------------
-- Table `siscala`.`ACL_ROLE`
-- -----------------------------------------------------
DROP TABLE IF EXISTS `siscala`.`ACL_ROLE` ;

CREATE TABLE IF NOT EXISTS `siscala`.`ACL_ROLE` (
  `ID` INT(11) NOT NULL AUTO_INCREMENT,
  `PARENT` INT(11) NULL DEFAULT NULL,
  `NOME` VARCHAR(100) NULL DEFAULT NULL,
  `ISADMIN` VARCHAR(5) NULL DEFAULT NULL,
  `CREATED_AT` DATE NULL DEFAULT NULL,
  `UPDATED_AT` DATE NULL DEFAULT NULL,
  PRIMARY KEY (`ID`))
ENGINE = InnoDB
AUTO_INCREMENT = 1
DEFAULT CHARACTER SET = utf8;


-- -----------------------------------------------------
-- Table `siscala`.`ACL_PRIVILEGE`
-- -----------------------------------------------------
DROP TABLE IF EXISTS `siscala`.`ACL_PRIVILEGE` ;

CREATE TABLE IF NOT EXISTS `siscala`.`ACL_PRIVILEGE` (
  `ID` INT(11) NOT NULL AUTO_INCREMENT,
  `ROLE_ID` INT(11) NOT NULL,
  `RESOURCE_ID` INT(11) NOT NULL,
  `NOME` VARCHAR(45) NOT NULL,
  `CREATED_AT` TIMESTAMP NULL DEFAULT NULL,
  `UPDATED_AT` TIMESTAMP NULL DEFAULT NULL,
  PRIMARY KEY (`ID`),
  INDEX `fk_ACL_PRIVILEGE_ACL_ROLE1_idx` (`ROLE_ID` ASC),
  INDEX `fk_ACL_PRIVILEGE_ACL_RESOURCE1_idx` (`RESOURCE_ID` ASC),
  CONSTRAINT `fk_ACL_PRIVILEGE_ACL_RESOURCE1`
    FOREIGN KEY (`RESOURCE_ID`)
    REFERENCES `siscala`.`ACL_RESOURCE` (`ID`)
    ON DELETE NO ACTION
    ON UPDATE NO ACTION,
  CONSTRAINT `fk_ACL_PRIVILEGE_ACL_ROLE1`
    FOREIGN KEY (`ROLE_ID`)
    REFERENCES `siscala`.`ACL_ROLE` (`ID`)
    ON DELETE NO ACTION
    ON UPDATE NO ACTION)
ENGINE = InnoDB
AUTO_INCREMENT = 1
DEFAULT CHARACTER SET = utf8;


-- -----------------------------------------------------
-- Table `siscala`.`ESCALA`
-- -----------------------------------------------------
DROP TABLE IF EXISTS `siscala`.`ESCALA` ;

CREATE TABLE IF NOT EXISTS `siscala`.`ESCALA` (
  `ESCCODIGO` INT(11) NOT NULL AUTO_INCREMENT,
  `ESCDESCRICAO` VARCHAR(45) NOT NULL,
  PRIMARY KEY (`ESCCODIGO`))
ENGINE = InnoDB
AUTO_INCREMENT = 1
DEFAULT CHARACTER SET = utf8;


-- -----------------------------------------------------
-- Table `siscala`.`ALA`
-- -----------------------------------------------------
DROP TABLE IF EXISTS `siscala`.`ALA` ;

CREATE TABLE IF NOT EXISTS `siscala`.`ALA` (
  `ALACODIGO` INT(11) NOT NULL AUTO_INCREMENT COMMENT '\n		\n',
  `ALADESCRICAO` VARCHAR(45) NOT NULL,
  `ESCCODIGO` INT(11) NOT NULL,
  PRIMARY KEY (`ALACODIGO`),
  INDEX `fk_ALA_ESCALA1_idx` (`ESCCODIGO` ASC),
  CONSTRAINT `fk_ALA_ESCALA1`
    FOREIGN KEY (`ESCCODIGO`)
    REFERENCES `siscala`.`ESCALA` (`ESCCODIGO`)
    ON DELETE NO ACTION
    ON UPDATE NO ACTION)
ENGINE = InnoDB
AUTO_INCREMENT = 1
DEFAULT CHARACTER SET = utf8;


-- -----------------------------------------------------
-- Table `siscala`.`POSTO_GRADUACAO`
-- -----------------------------------------------------
DROP TABLE IF EXISTS `siscala`.`POSTO_GRADUACAO` ;

CREATE TABLE IF NOT EXISTS `siscala`.`POSTO_GRADUACAO` (
  `PGRCODIGO` INT(11) NOT NULL,
  `PGRDESCRICAO` VARCHAR(45) NOT NULL,
  `PGRSIGLA` VARCHAR(15) NOT NULL,
  PRIMARY KEY (`PGRCODIGO`))
ENGINE = InnoDB
AUTO_INCREMENT = 1
DEFAULT CHARACTER SET = utf8;


-- -----------------------------------------------------
-- Table `siscala`.`QUADRO`
-- -----------------------------------------------------
DROP TABLE IF EXISTS `siscala`.`QUADRO` ;

CREATE TABLE IF NOT EXISTS `siscala`.`QUADRO` (
  `QUACODIGO` INT NOT NULL AUTO_INCREMENT,
  `QUADESCRICAO` VARCHAR(45) NOT NULL,
  PRIMARY KEY (`QUACODIGO`))
ENGINE = InnoDB
AUTO_INCREMENT = 1
DEFAULT CHARACTER SET = utf8;


-- -----------------------------------------------------
-- Table `siscala`.`MILITAR`
-- -----------------------------------------------------
DROP TABLE IF EXISTS `siscala`.`MILITAR` ;

CREATE TABLE IF NOT EXISTS `siscala`.`MILITAR` (
  `MILCODIGO` INT(11) NOT NULL AUTO_INCREMENT,
  `MILCPF` CHAR(14) NOT NULL,
  `MILIDT` CHAR(20) NOT NULL,
  `MILMATRICULA` CHAR(20) NOT NULL,
  `MILNOME` VARCHAR(100) NOT NULL,
  `MILNOMEGUERRA` VARCHAR(45) NOT NULL,
  `MILDTNASCIMENTO` DATE NOT NULL,
  `MILPASSWORD` VARCHAR(20) NOT NULL,
  `MILTELEFONE` VARCHAR(15) NULL DEFAULT NULL,
  `MILTELEFONESEC` VARCHAR(15) NULL,
  `MILENDERECO` VARCHAR(200) NULL DEFAULT NULL,
  `MILEMAIL` VARCHAR(100) NULL DEFAULT NULL,
  `MILEMAILSEC` VARCHAR(100) NULL,
  `PGRCODIGO` INT(11) NOT NULL,
  `ROLEID` INT(11) NOT NULL,
  `QUACODIGO` INT NOT NULL,
  PRIMARY KEY (`MILCODIGO`),
  INDEX `fk_MILITAR_POSTO_GRADUACAO1_idx` (`PGRCODIGO` ASC),
  INDEX `fk_MILITAR_ACL_ROLE1_idx` (`ROLEID` ASC),
  INDEX `fk_MILITAR_QUADRO1_idx` (`QUACODIGO` ASC),
  CONSTRAINT `fk_MILITAR_ACL_ROLE1`
    FOREIGN KEY (`ROLEID`)
    REFERENCES `siscala`.`ACL_ROLE` (`ID`)
    ON DELETE NO ACTION
    ON UPDATE NO ACTION,
  CONSTRAINT `fk_MILITAR_POSTO_GRADUACAO1`
    FOREIGN KEY (`PGRCODIGO`)
    REFERENCES `siscala`.`POSTO_GRADUACAO` (`PGRCODIGO`)
    ON DELETE NO ACTION
    ON UPDATE NO ACTION,
  CONSTRAINT `fk_MILITAR_QUADRO1`
    FOREIGN KEY (`QUACODIGO`)
    REFERENCES `siscala`.`QUADRO` (`QUACODIGO`)
    ON DELETE NO ACTION
    ON UPDATE NO ACTION)
ENGINE = InnoDB
AUTO_INCREMENT = 1
DEFAULT CHARACTER SET = utf8;


-- -----------------------------------------------------
-- Table `siscala`.`MILITAR_ALA`
-- -----------------------------------------------------
DROP TABLE IF EXISTS `siscala`.`MILITAR_ALA` ;

CREATE TABLE IF NOT EXISTS `siscala`.`MILITAR_ALA` (
  `MIACODIGO` INT(11) NOT NULL AUTO_INCREMENT,
  `MILCODIGO` INT(11) NOT NULL,
  `ALACODIGO` INT(11) NOT NULL,
  PRIMARY KEY (`MIACODIGO`),
  INDEX `fk_MILITAR_has_ALA_ALA1_idx` (`ALACODIGO` ASC),
  INDEX `fk_MILITAR_has_ALA_MILITAR_idx` (`MILCODIGO` ASC),
  CONSTRAINT `fk_MILITAR_has_ALA_ALA1`
    FOREIGN KEY (`ALACODIGO`)
    REFERENCES `siscala`.`ALA` (`ALACODIGO`)
    ON DELETE NO ACTION
    ON UPDATE NO ACTION,
  CONSTRAINT `fk_MILITAR_has_ALA_MILITAR`
    FOREIGN KEY (`MILCODIGO`)
    REFERENCES `siscala`.`MILITAR` (`MILCODIGO`)
    ON DELETE NO ACTION
    ON UPDATE NO ACTION)
ENGINE = InnoDB
AUTO_INCREMENT = 1
DEFAULT CHARACTER SET = utf8;


-- -----------------------------------------------------
-- Table `siscala`.`SERVICO`
-- -----------------------------------------------------
DROP TABLE IF EXISTS `siscala`.`SERVICO` ;

CREATE TABLE IF NOT EXISTS `siscala`.`SERVICO` (
  `SERCODIGO` INT(11) NOT NULL AUTO_INCREMENT,
  `SERDATA` DATE NOT NULL,
  `SERBOLETIM` VARCHAR(25) NULL DEFAULT NULL,
  `MILCODIGO` INT(11) NOT NULL,
  PRIMARY KEY (`SERCODIGO`),
  INDEX `fk_SERVICO_MILITAR1_idx` (`MILCODIGO` ASC),
  CONSTRAINT `fk_SERVICO_MILITAR1`
    FOREIGN KEY (`MILCODIGO`)
    REFERENCES `siscala`.`MILITAR` (`MILCODIGO`)
    ON DELETE NO ACTION
    ON UPDATE NO ACTION)
ENGINE = InnoDB
DEFAULT CHARACTER SET = utf8;


-- -----------------------------------------------------
-- Table `siscala`.`TIPO_SITUACAO`
-- -----------------------------------------------------
DROP TABLE IF EXISTS `siscala`.`TIPO_SITUACAO` ;

CREATE TABLE IF NOT EXISTS `siscala`.`TIPO_SITUACAO` (
  `TPSCODIGO` INT(11) NOT NULL AUTO_INCREMENT,
  `TPSDESCRICAO` VARCHAR(45) NOT NULL,
  PRIMARY KEY (`TPSCODIGO`))
ENGINE = InnoDB
AUTO_INCREMENT = 1
DEFAULT CHARACTER SET = utf8;


-- -----------------------------------------------------
-- Table `siscala`.`SITUACAO`
-- -----------------------------------------------------
DROP TABLE IF EXISTS `siscala`.`SITUACAO` ;

CREATE TABLE IF NOT EXISTS `siscala`.`SITUACAO` (
  `SITCODIGO` INT(11) NOT NULL AUTO_INCREMENT,
  `SITDATAINICIO` DATE NOT NULL,
  `SITDATAFIM` DATE NOT NULL,
  `TPSCODIGO` INT(11) NOT NULL,
  `MILCODIGO` INT(11) NOT NULL,
  PRIMARY KEY (`SITCODIGO`),
  INDEX `fk_SITUACAO_TIPO_SITUACAO1_idx` (`TPSCODIGO` ASC),
  INDEX `fk_SITUACAO_MILITAR1_idx` (`MILCODIGO` ASC),
  CONSTRAINT `fk_SITUACAO_MILITAR1`
    FOREIGN KEY (`MILCODIGO`)
    REFERENCES `siscala`.`MILITAR` (`MILCODIGO`)
    ON DELETE NO ACTION
    ON UPDATE NO ACTION,
  CONSTRAINT `fk_SITUACAO_TIPO_SITUACAO1`
    FOREIGN KEY (`TPSCODIGO`)
    REFERENCES `siscala`.`TIPO_SITUACAO` (`TPSCODIGO`)
    ON DELETE NO ACTION
    ON UPDATE NO ACTION)
ENGINE = InnoDB
AUTO_INCREMENT = 1
DEFAULT CHARACTER SET = utf8;


-- -----------------------------------------------------
-- Table `siscala`.`TROCA_SERVICO`
-- -----------------------------------------------------
DROP TABLE IF EXISTS `siscala`.`TROCA_SERVICO` ;

CREATE TABLE IF NOT EXISTS `siscala`.`TROCA_SERVICO` (
  `TRSCODIGO` INT(11) NOT NULL AUTO_INCREMENT,
  `SERCODIGO` INT(11) NOT NULL,
  `MILCODIGOTROCA` INT(11) NOT NULL,
  PRIMARY KEY (`TRSCODIGO`),
  INDEX `fk_TROCA_SERVIÇO_SERVICO1_idx` (`SERCODIGO` ASC),
  INDEX `fk_TROCA_SERVIÇO_MILITAR1_idx` (`MILCODIGOTROCA` ASC),
  CONSTRAINT `fk_TROCA_SERVIÇO_MILITAR1`
    FOREIGN KEY (`MILCODIGOTROCA`)
    REFERENCES `siscala`.`MILITAR` (`MILCODIGO`)
    ON DELETE NO ACTION
    ON UPDATE NO ACTION,
  CONSTRAINT `fk_TROCA_SERVIÇO_SERVICO1`
    FOREIGN KEY (`SERCODIGO`)
    REFERENCES `siscala`.`SERVICO` (`SERCODIGO`)
    ON DELETE NO ACTION
    ON UPDATE NO ACTION)
ENGINE = InnoDB
AUTO_INCREMENT = 1
DEFAULT CHARACTER SET = utf8;


SET SQL_MODE=@OLD_SQL_MODE;
SET FOREIGN_KEY_CHECKS=@OLD_FOREIGN_KEY_CHECKS;
SET UNIQUE_CHECKS=@OLD_UNIQUE_CHECKS;

-- -----------------------------------------------------
-- Data for table `siscala`.`QUADRO`
-- -----------------------------------------------------
START TRANSACTION;
USE `siscala`;
INSERT INTO `siscala`.`QUADRO` (`QUACODIGO`, `QUADESCRICAO`) VALUES (1, 'Combatente');
INSERT INTO `siscala`.`QUADRO` (`QUACODIGO`, `QUADESCRICAO`) VALUES (2, 'Condutor');

COMMIT;

-- -----------------------------------------------------
-- Data for table `siscala`.`POSTO_GRADUACAO`
-- -----------------------------------------------------
START TRANSACTION;
USE `siscala`;
INSERT INTO `siscala`.`POSTO_GRADUACAO` (`PGRCODIGO`, `PGRDESCRICAO`, `PGRSIGLA`) VALUES (1, 'CORONEL', 'Cel');
INSERT INTO `siscala`.`POSTO_GRADUACAO` (`PGRCODIGO`, `PGRDESCRICAO`, `PGRSIGLA`) VALUES (2, 'TEN CORONEL', 'TC');
INSERT INTO `siscala`.`POSTO_GRADUACAO` (`PGRCODIGO`, `PGRDESCRICAO`, `PGRSIGLA`) VALUES (3, 'MAJOR', 'Maj');
INSERT INTO `siscala`.`POSTO_GRADUACAO` (`PGRCODIGO`, `PGRDESCRICAO`, `PGRSIGLA`) VALUES (4, 'CAPITÃO', 'Cap');
INSERT INTO `siscala`.`POSTO_GRADUACAO` (`PGRCODIGO`, `PGRDESCRICAO`, `PGRSIGLA`) VALUES (5, 'PRIMEIRO TENENTE', '1º TEN');
INSERT INTO `siscala`.`POSTO_GRADUACAO` (`PGRCODIGO`, `PGRDESCRICAO`, `PGRSIGLA`) VALUES (6, 'SEGUNDO TENENTE', '2º TEN');
INSERT INTO `siscala`.`POSTO_GRADUACAO` (`PGRCODIGO`, `PGRDESCRICAO`, `PGRSIGLA`) VALUES (7, 'ASPIRANTE', 'Asp');
INSERT INTO `siscala`.`POSTO_GRADUACAO` (`PGRCODIGO`, `PGRDESCRICAO`, `PGRSIGLA`) VALUES (8, 'Subtenente', 'S Ten');
INSERT INTO `siscala`.`POSTO_GRADUACAO` (`PGRCODIGO`, `PGRDESCRICAO`, `PGRSIGLA`) VALUES (9, 'Primeiro Sargento', '1º Sgt');
INSERT INTO `siscala`.`POSTO_GRADUACAO` (`PGRCODIGO`, `PGRDESCRICAO`, `PGRSIGLA`) VALUES (10, 'Segundo Sargento', '2º Sgt');
INSERT INTO `siscala`.`POSTO_GRADUACAO` (`PGRCODIGO`, `PGRDESCRICAO`, `PGRSIGLA`) VALUES (11, 'Terceiro Sargento', '3º Sgt');
INSERT INTO `siscala`.`POSTO_GRADUACAO` (`PGRCODIGO`, `PGRDESCRICAO`, `PGRSIGLA`) VALUES (12, 'Cabo', 'Cb');
INSERT INTO `siscala`.`POSTO_GRADUACAO` (`PGRCODIGO`, `PGRDESCRICAO`, `PGRSIGLA`) VALUES (13, 'Soldado 1º Classe', 'Sd 1º Classe');
INSERT INTO `siscala`.`POSTO_GRADUACAO` (`PGRCODIGO`, `PGRDESCRICAO`, `PGRSIGLA`) VALUES (14, 'Soldado 2º Classe', 'Sd 2º Classe');

COMMIT;


-- -----------------------------------------------------
-- Data for table `siscala`.`ESCALA`
-- -----------------------------------------------------
START TRANSACTION;
USE `siscala`;
INSERT INTO `siscala`.`ESCALA` (`ESCCODIGO`, `ESCDESCRICAO`) VALUES (1, 'ESCALA 24H');
INSERT INTO `siscala`.`ESCALA` (`ESCCODIGO`, `ESCDESCRICAO`) VALUES (2, 'ESCALA 12H');

COMMIT;


-- -----------------------------------------------------
-- Data for table `siscala`.`ALA`
-- -----------------------------------------------------
START TRANSACTION;
USE `siscala`;
INSERT INTO `siscala`.`ALA` (`ALACODIGO`, `ALADESCRICAO`, `ESCCODIGO`) VALUES (1, 'ALPHA', 1);
INSERT INTO `siscala`.`ALA` (`ALACODIGO`, `ALADESCRICAO`, `ESCCODIGO`) VALUES (2, 'BRAVO', 1);
INSERT INTO `siscala`.`ALA` (`ALACODIGO`, `ALADESCRICAO`, `ESCCODIGO`) VALUES (3, 'CHARLIE', 1);
INSERT INTO `siscala`.`ALA` (`ALACODIGO`, `ALADESCRICAO`, `ESCCODIGO`) VALUES (4, 'DELTA', 1);
INSERT INTO `siscala`.`ALA` (`ALACODIGO`, `ALADESCRICAO`, `ESCCODIGO`) VALUES (5, 'ECHO', 2);
INSERT INTO `siscala`.`ALA` (`ALACODIGO`, `ALADESCRICAO`, `ESCCODIGO`) VALUES (6, 'FOXTROT', 2);
INSERT INTO `siscala`.`ALA` (`ALACODIGO`, `ALADESCRICAO`, `ESCCODIGO`) VALUES (7, 'GOLF', 2);
INSERT INTO `siscala`.`ALA` (`ALACODIGO`, `ALADESCRICAO`, `ESCCODIGO`) VALUES (8, 'HOTEL', 2);
INSERT INTO `siscala`.`ALA` (`ALACODIGO`, `ALADESCRICAO`, `ESCCODIGO`) VALUES (9, 'INDIA', 2);

COMMIT;


-- -----------------------------------------------------
-- Data for table `siscala`.`TIPO_SITUACAO`
-- -----------------------------------------------------
START TRANSACTION;
USE `siscala`;
INSERT INTO `siscala`.`TIPO_SITUACAO` (`TPSCODIGO`, `TPSDESCRICAO`) VALUES (1, 'FÉRIAS');
INSERT INTO `siscala`.`TIPO_SITUACAO` (`TPSCODIGO`, `TPSDESCRICAO`) VALUES (2, 'RECESSO');
INSERT INTO `siscala`.`TIPO_SITUACAO` (`TPSCODIGO`, `TPSDESCRICAO`) VALUES (3, 'LTPS');
INSERT INTO `siscala`.`TIPO_SITUACAO` (`TPSCODIGO`, `TPSDESCRICAO`) VALUES (3, 'LUTO');
INSERT INTO `siscala`.`TIPO_SITUACAO` (`TPSCODIGO`, `TPSDESCRICAO`) VALUES (5, 'CASAMENTO');

COMMIT;

-- -----------------------------------------------------
-- Data for table `siscala`.`ACL_ROLE`
-- -----------------------------------------------------
START TRANSACTION;
USE `siscala`;

INSERT INTO `ACL_ROLE` VALUES (1,NULL,'Admin','1','2014-02-06','2014-02-06'),(2,NULL,'Default','0','2014-02-06','2014-02-06');

COMMIT;

-- -----------------------------------------------------
-- Data for table `siscala`.`ACL_RESOURCE`
-- -----------------------------------------------------
START TRANSACTION;
USE `siscala`;

INSERT INTO `ACL_RESOURCE` VALUES 
(1,'Application\\Controller\\Index','2014-02-06 16:03:24','2014-02-06 16:03:24'),
(2,'Adm\\Controller\\Militar','2014-02-12 12:26:51','2014-02-12 12:26:51'),
(3,'Adm\\Controller\\Ala','2014-02-12 12:31:57','2014-02-12 12:31:57'),
(4,'Acl\\Controller\\Roles','2014-02-12 12:32:07','2014-02-12 12:32:07'),
(5,'Acl\\Controller\\Resources','2014-02-12 12:32:13','2014-02-12 12:32:13'),
(6,'Acl\\Controller\\Privileges','2014-02-12 12:32:20','2014-02-12 12:32:20');

COMMIT;

-- -----------------------------------------------------
-- Data for table `siscala`.`ACL_PRIVILEGE`
-- -----------------------------------------------------
START TRANSACTION;
USE `siscala`;

INSERT INTO `ACL_PRIVILEGE` VALUES 
(1,1,1,'index','2014-02-06 16:03:56','2014-02-06 16:03:56'),
(2,1,2,'Cadastrar','2014-02-12 12:27:42','2014-02-12 12:27:42'),
(3,1,2,'Index','2014-02-12 12:32:50','2014-02-12 12:32:50'),
(4,1,2,'Atualizar','2014-02-12 12:33:07','2014-02-12 12:33:07'),
(5,1,2,'Excluir','2014-02-12 12:33:15','2014-02-12 12:33:15'),
(6,1,3,'Index','2014-02-12 12:33:34','2014-02-12 12:33:34'),
(7,1,3,'Cadastrar','2014-02-12 12:33:48','2014-02-12 12:33:48'),
(8,1,3,'Atualizar','2014-02-12 12:34:00','2014-02-12 12:34:00'),
(9,1,3,'Excluir','2014-02-12 12:34:07','2014-02-12 12:34:07'),
(10,1,4,'Index','2014-02-12 12:34:22','2014-02-12 12:34:22'),
(11,1,4,'New','2014-02-12 12:34:32','2014-02-12 12:34:32'),
(12,1,4,'Delete','2014-02-12 12:34:49','2014-02-12 12:34:49'),
(13,1,5,'Index','2014-02-12 12:36:00','2014-02-12 12:36:00'),
(14,1,5,'New','2014-02-12 12:36:08','2014-02-12 12:36:08'),
(15,1,5,'Delete','2014-02-12 12:36:25','2014-02-12 12:36:25'),
(16,1,6,'Index','2014-02-12 12:36:33','2014-02-12 12:36:33'),
(17,1,6,'New','2014-02-12 12:36:44','2014-02-12 12:36:44'),
(18,1,6,'Delete','2014-02-12 12:36:51','2014-02-12 12:36:51'),
(19,1,2,'situacao','2014-02-12 12:37:11','2014-02-12 12:37:11'),
(20,1,2,'remover-situacao','2014-02-12 12:37:19','2014-02-12 12:37:19');

COMMIT;



